﻿{"cameraMode":{"drawMode":0,"name":"Shaded","section":"Shading Mode"},"sceneLighting":false,"audioPlay":false,"sceneViewState":{"showFog":true,"showMaterialUpdate":false,"showSkybox":true,"showFlares":true,"showImageEffects":true,"showParticleSystems":true},"in2DMode":false,"pivot":{"x":0.0,"y":0.4999999403953552,"z":-2.9802322387695315e-8},"rotation":{"x":-0.10845370590686798,"y":0.718633770942688,"z":-0.11509501934051514,"w":-0.6771680116653442},"size":2.8578834533691408,"orthographic":false}