﻿{"cameraMode":{"drawMode":0,"name":"Shaded","section":"Shading Mode"},"sceneLighting":true,"audioPlay":false,"sceneViewState":{"showFog":true,"showMaterialUpdate":false,"showSkybox":true,"showFlares":true,"showImageEffects":true,"showParticleSystems":true},"in2DMode":false,"pivot":{"x":351.069091796875,"y":369.9373779296875,"z":380.43975830078127},"rotation":{"x":-0.040175434201955798,"y":0.9209791421890259,"z":0.09873520582914353,"w":0.3747463524341583},"size":80.56050872802735,"orthographic":false}